tweet_id,image_id,text_info,text_info_conf,image_info,image_info_conf,text_human,text_human_conf,image_human,image_human_conf,image_damage,image_damage_conf,tweet_text,image_url,image_path
917791044158185473,917791044158185473_0,informative,1.0,informative,0.6766,other_relevant_information,1.0,other_relevant_information,0.6766,,,RT @Gizmodo: Wildfires raging through Northern California are terrifying https://t.co/dI73RFzX2i https://t.co/k4KnvIimsU,http://pbs.twimg.com/media/DLyi_WYVYAApwNg.jpg,data_image/california_wildfires/10_10_2017/917791044158185473_0.jpg
917791130590183424,917791130590183424_0,informative,1.0,informative,0.6667,infrastructure_and_utility_damage,1.0,affected_individuals,0.6667,,,PHOTOS: Deadly wildfires rage in California https://t.co/td9xT3vXOL https://t.co/OimwAncLew,http://pbs.twimg.com/media/DLymKm9UMAAu0qw.jpg,data_image/california_wildfires/10_10_2017/917791130590183424_0.jpg
917791291823591425,917791291823591425_0,informative,0.6813,informative,1.0,other_relevant_information,0.6813,infrastructure_and_utility_damage,1.0,severe_damage,1.0,"RT @Cal_OES: PLS SHARE: Weâ€™re capturing wildfire response, recovery info here: https://t.co/r89LKpjLPj https://t.co/HiA1oQF2Ax",http://pbs.twimg.com/media/DLudaaZV4AAjT7x.jpg,data_image/california_wildfires/10_10_2017/917791291823591425_0.jpg
917791291823591425,917791291823591425_1,informative,0.6813,not_informative,1.0,other_relevant_information,0.6813,not_humanitarian,1.0,,,"RT @Cal_OES: PLS SHARE: Weâ€™re capturing wildfire response, recovery info here: https://t.co/r89LKpjLPj https://t.co/HiA1oQF2Ax",http://pbs.twimg.com/media/DLudaZXUMAABAEZ.jpg,data_image/california_wildfires/10_10_2017/917791291823591425_1.jpg
917792092100988929,917792092100988929_0,informative,0.6727,informative,0.6612,other_relevant_information,0.6727,infrastructure_and_utility_damage,0.6612,severe_damage,1.0,RT @TIME: California's raging wildfires as you've never seen them before https://t.co/OksQOZ2LHH https://t.co/oHTMbrM2Jx,http://pbs.twimg.com/media/DLwNe-NXUAE0XCw.jpg,data_image/california_wildfires/10_10_2017/917792092100988929_0.jpg
917792147700465664,917792147700465664_0,informative,0.7143,informative,1.0,other_relevant_information,0.7143,infrastructure_and_utility_damage,1.0,severe_damage,1.0,Wildfires Threaten Californiaâ€™s First Legal Cannabis Harvest https://t.co/BSuAdfwN62 https://t.co/wNqfLrNmTp,http://pbs.twimg.com/media/DLynF2KUEAAqCYD.jpg,data_image/california_wildfires/10_10_2017/917792147700465664_0.jpg
917792930315821057,917792930315821057_0,informative,1.0,informative,1.0,injured_or_dead_people,1.0,infrastructure_and_utility_damage,1.0,severe_damage,1.0,Mass Evacuations in California as Wildfires Kill at Least 10 https://t.co/gyoKFWZuMB #CaliforniaWildfires https://t.co/KEFtjITetK,http://pbs.twimg.com/media/DLym3rJW0AAv4N_.jpg,data_image/california_wildfires/10_10_2017/917792930315821057_0.jpg
917793137925459968,917793137925459968_0,informative,1.0,informative,1.0,infrastructure_and_utility_damage,1.0,infrastructure_and_utility_damage,1.0,severe_damage,1.0,RT @KAKEnews: California wildfires destroy more than 50 structures: https://t.co/IkSrNpmT83 #KAKEnews https://t.co/8risKwbBqr,http://pbs.twimg.com/media/DLtgmEPXUAEo1LV.jpg,data_image/california_wildfires/10_10_2017/917793137925459968_0.jpg
917793137925459968,917793137925459968_1,informative,1.0,informative,0.6538,infrastructure_and_utility_damage,1.0,infrastructure_and_utility_damage,0.6538,severe_damage,1.0,RT @KAKEnews: California wildfires destroy more than 50 structures: https://t.co/IkSrNpmT83 #KAKEnews https://t.co/8risKwbBqr,http://pbs.twimg.com/media/DLtgmEPXkAAvOdi.jpg,data_image/california_wildfires/10_10_2017/917793137925459968_1.jpg
917793137925459968,917793137925459968_2,informative,1.0,informative,1.0,infrastructure_and_utility_damage,1.0,infrastructure_and_utility_damage,1.0,severe_damage,0.6434,RT @KAKEnews: California wildfires destroy more than 50 structures: https://t.co/IkSrNpmT83 #KAKEnews https://t.co/8risKwbBqr,http://pbs.twimg.com/media/DLtgmF9X0AASfbh.jpg,data_image/california_wildfires/10_10_2017/917793137925459968_2.jpg
917793158251077632,917793158251077632_0,informative,0.6575,not_informative,1.0,infrastructure_and_utility_damage,0.6575,not_humanitarian,1.0,,,"RT @FoxNews: Southern California fire shrouds Disneyland Anaheim in dramatic, smoky skies https://t.co/nNxpY2kSmS https://t.co/6ripQFkIVh",http://pbs.twimg.com/media/DLxhfp2XUAE0SHp.jpg,data_image/california_wildfires/10_10_2017/917793158251077632_0.jpg
917793736918216706,917793736918216706_0,not_informative,0.6535,not_informative,1.0,not_humanitarian,0.6535,not_humanitarian,1.0,,,California wildfire. á½¡4 https://t.co/a8oD5rkDdI,http://pbs.twimg.com/media/DLyoiI0X0AAsw1h.jpg,data_image/california_wildfires/10_10_2017/917793736918216706_0.jpg
917793881533571073,917793881533571073_0,informative,1.0,informative,0.5891,injured_or_dead_people,1.0,vehicle_damage,0.5891,,,Wildfires Still Burn in Northern California; 11 Are Dead https://t.co/8rx6aoC5Ix #nyt https://t.co/UtY33zQTES,http://pbs.twimg.com/media/DLyoqzFUMAAvT9K.jpg,data_image/california_wildfires/10_10_2017/917793881533571073_0.jpg
917794024173563904,917794024173563904_0,informative,0.6792,informative,0.6814,injured_or_dead_people,0.6792,injured_or_dead_people,0.6814,,,"Henry Cejudo suffers burns, loses gold medal in California wildfire â€” https://t.co/GkuLc60ZWl https://t.co/0gRZgSK4LU",http://pbs.twimg.com/media/DLyozN6WkAIAIQr.jpg,data_image/california_wildfires/10_10_2017/917794024173563904_0.jpg
917794232160661505,917794232160661505_0,informative,1.0,informative,1.0,injured_or_dead_people,1.0,infrastructure_and_utility_damage,1.0,severe_damage,0.6779,At Least 11 Dead and 100 Missing as Wildfires Rage Across Northern California - Damage and death toll rises as ... https://t.co/r9xiSn2IcK,http://pbs.twimg.com/media/DLyo_VnXUAAbIMU.jpg,data_image/california_wildfires/10_10_2017/917794232160661505_0.jpg
917794360581869569,917794360581869569_0,informative,1.0,informative,0.6714,injured_or_dead_people,1.0,infrastructure_and_utility_damage,0.6714,severe_damage,0.7067,Southern California wildfires continue to rage as death toll rises to 11 https://t.co/idIRZsGZvX https://t.co/3zbQucj1UY,http://pbs.twimg.com/media/DLynVDYVoAABH85.jpg,data_image/california_wildfires/10_10_2017/917794360581869569_0.jpg
917794580728295424,917794580728295424_0,informative,1.0,informative,1.0,missing_or_found_people,1.0,infrastructure_and_utility_damage,1.0,severe_damage,1.0,More than 100 missing persons reports made in CaliforniaÂ wildfires https://t.co/614UWl30MO https://t.co/CBuNhzQ5xf,http://pbs.twimg.com/media/DLypTmlVwAAVjFY.jpg,data_image/california_wildfires/10_10_2017/917794580728295424_0.jpg
917794892113498113,917794892113498113_0,informative,0.6744,informative,1.0,injured_or_dead_people,0.6744,infrastructure_and_utility_damage,1.0,severe_damage,1.0,"RT @News12BX: California wildfires kill 10, destroy 1,500 buildings https://t.co/cKLrLVtXMe https://t.co/o1CGcHS57o",http://pbs.twimg.com/media/DLxQQO4VwAAh8Wi.jpg,data_image/california_wildfires/10_10_2017/917794892113498113_0.jpg
917795098523512962,917795098523512962_0,informative,1.0,informative,0.8061,other_relevant_information,1.0,other_relevant_information,0.8061,,,RT @R5_Fire_News: California large wildfire activity for October 10 #cawildfires #cafires https://t.co/Z0wWjwv42s,http://pbs.twimg.com/media/DLyWOWNUQAAnt7-.jpg,data_image/california_wildfires/10_10_2017/917795098523512962_0.jpg
917795236595863552,917795236595863552_0,informative,1.0,informative,1.0,injured_or_dead_people,1.0,infrastructure_and_utility_damage,1.0,severe_damage,0.6965,"11 dead, thousands homeless as wildfires torch California wine country https://t.co/n4OrOaOgEV #Heatwave #Wildfires https://t.co/H1EmUrnzjF",http://pbs.twimg.com/media/DLyp50fW0AAsMKa.jpg,data_image/california_wildfires/10_10_2017/917795236595863552_0.jpg
917796280377602048,917796280377602048_0,informative,1.0,informative,0.6897,injured_or_dead_people,1.0,rescue_volunteering_or_donation_effort,0.6897,,,Thousands flee as wildfires ravage northern California; 10 killed https://t.co/d3S3rVIQxV https://t.co/Y9UpznWXK0,http://pbs.twimg.com/media/DLyq2ezV4AAUK2o.jpg,data_image/california_wildfires/10_10_2017/917796280377602048_0.jpg
917796307191951360,917796307191951360_0,informative,1.0,informative,1.0,other_relevant_information,1.0,infrastructure_and_utility_damage,1.0,severe_damage,0.411,#breakingnews #news Southern California Wildfire Remains Active - https://t.co/j2oqFz9qZD https://t.co/X4OTZgvTZl,http://pbs.twimg.com/media/DLyq4IwXUAEa30E.jpg,data_image/california_wildfires/10_10_2017/917796307191951360_0.jpg
917796883610820608,917796883610820608_0,informative,1.0,informative,0.672,other_relevant_information,1.0,infrastructure_and_utility_damage,0.672,severe_damage,1.0,A quick rundown of what you need to know about the harrowing California wildfires https://t.co/iUsphXwGJM https://t.co/AxtLl0fNO9,http://pbs.twimg.com/media/DLyoXNMVoAYsZua.jpg,data_image/california_wildfires/10_10_2017/917796883610820608_0.jpg
917796940900982786,917796940900982786_0,informative,1.0,informative,1.0,rescue_volunteering_or_donation_effort,1.0,vehicle_damage,1.0,,,How to help Napa fire victims: 8 things you can do for Californiaâ€™s Wine Country right now https://t.co/bydGBffp3I https://t.co/UCS3FuRAWc,http://pbs.twimg.com/media/DLyrc-mXcAEoYWD.jpg,data_image/california_wildfires/10_10_2017/917796940900982786_0.jpg
917797601763889160,917797601763889160_0,informative,1.0,informative,0.7498,other_relevant_information,1.0,other_relevant_information,0.7498,,,From #ScienceNow - Wildfires Running Amok in California https://t.co/En6FOYnFRz #NASA #wildfires https://t.co/POBCpjD5CT,http://pbs.twimg.com/media/DLysC69X0AE9Rul.jpg,data_image/california_wildfires/10_10_2017/917797601763889160_0.jpg
917797763282214913,917797763282214913_0,informative,1.0,informative,1.0,infrastructure_and_utility_damage,1.0,infrastructure_and_utility_damage,1.0,severe_damage,0.6471,On today's PNS newscast: deadly wildfires ravage Northern California. Listen now: https://t.co/wgmKAIWUiI https://t.co/BApQhkb51r,http://pbs.twimg.com/media/DLysM6bUEAUV-2v.jpg,data_image/california_wildfires/10_10_2017/917797763282214913_0.jpg
917800657796595715,917800657796595715_0,informative,1.0,informative,0.6568,rescue_volunteering_or_donation_effort,1.0,infrastructure_and_utility_damage,0.6568,severe_damage,0.6798,Save Mart Donating To #California Fire Victims https://t.co/RxWh4z76r3 #Bakersfield á½0 https://t.co/me9yzYd5Bq,http://pbs.twimg.com/media/DLyu1VhX0AEIjKe.jpg,data_image/california_wildfires/10_10_2017/917800657796595715_0.jpg
917803185317859329,917803185317859329_0,informative,0.6629,informative,0.6829,other_relevant_information,0.6629,other_relevant_information,0.6829,,,I think Event: Wildfire has occurred in California Tue Oct 10 12:25:03 2017 CDT https://t.co/zAy18tH5mj,http://pbs.twimg.com/media/DLyxIceWkAALt_7.jpg,data_image/california_wildfires/10_10_2017/917803185317859329_0.jpg
917803284936589313,917803284936589313_0,informative,1.0,informative,1.0,injured_or_dead_people,1.0,vehicle_damage,1.0,,,"RT @ABC: California wildfire outbreak kills at least 11, among most deadly in state history: https://t.co/bYpu9NM6Ye https://t.co/2mPemtcbcq",http://pbs.twimg.com/media/DLxVnvfWsAAzdy8.jpg,data_image/california_wildfires/10_10_2017/917803284936589313_0.jpg
917803905681121280,917803905681121280_0,informative,0.6718,informative,0.6873,other_relevant_information,0.6718,vehicle_damage,0.6873,,,RT @ArtemR: The headline photo... so surreal. https://t.co/uRviBMNrIa #santarosafire https://t.co/VMl3CH6KMR,http://pbs.twimg.com/media/DLyv7rtV4AASzcb.jpg,data_image/california_wildfires/10_10_2017/917803905681121280_0.jpg
917804456422473734,917804456422473734_0,informative,0.658,informative,1.0,other_relevant_information,0.658,infrastructure_and_utility_damage,1.0,severe_damage,1.0,#California schools call off all sports because of rising smoke and ash from #CanyonFire2 https://t.co/ORXsOxqCbt https://t.co/u4MHO7hjeZ,http://pbs.twimg.com/media/DLyySWBUMAAZ9Wr.jpg,data_image/california_wildfires/10_10_2017/917804456422473734_0.jpg
917804481970102272,917804481970102272_0,informative,1.0,not_informative,1.0,other_relevant_information,1.0,not_humanitarian,1.0,,,RT @GrantJKidney: Divine judgement? Deadly California wildfires can be seen from space. á½¢E https://t.co/eFB1ffIlGb,http://pbs.twimg.com/media/DLx_SG1X0AI6_t7.jpg,data_image/california_wildfires/10_10_2017/917804481970102272_0.jpg
917804966823129093,917804966823129093_0,informative,0.7643,not_informative,0.6694,other_relevant_information,0.7643,not_humanitarian,0.6694,,,NASA satellites capture breadth of Northern California wildfires https://t.co/jS8kmKxdRD @sdut https://t.co/SPBqnPAG3H,http://pbs.twimg.com/media/DLyyvIfUEAAQ_fz.jpg,data_image/california_wildfires/10_10_2017/917804966823129093_0.jpg
917805148600012800,917805148600012800_0,informative,0.6716,informative,0.6404,other_relevant_information,0.6716,rescue_volunteering_or_donation_effort,0.6404,,,RT @CurbedSF: How to help victims of the Northern California wildfire. https://t.co/A9JNNifssX https://t.co/RSr0s2ylaF,http://pbs.twimg.com/media/DLyxE0VXcAEulap.jpg,data_image/california_wildfires/10_10_2017/917805148600012800_0.jpg
917805494504443904,917805494504443904_0,informative,0.6639,not_informative,0.6509,other_relevant_information,0.6639,not_humanitarian,0.6509,,,Major disaster declaration approved for the state of #California due to #wildfires. https://t.co/1qwnx2w70x,http://pbs.twimg.com/media/DLyzOpTX0AAkn0F.jpg,data_image/california_wildfires/10_10_2017/917805494504443904_0.jpg
917806204012978176,917806204012978176_0,informative,1.0,not_informative,1.0,injured_or_dead_people,1.0,not_humanitarian,1.0,,,"RT @Reuters: BREAKING: Ten people confirmed dead from Northern California wildfires, says state agency spokesman https://t.co/2ChrnJAccp",http://pbs.twimg.com/media/DLvHimQVYAAVxgd.jpg,data_image/california_wildfires/10_10_2017/917806204012978176_0.jpg
917807529479901184,917807529479901184_0,informative,0.6667,informative,0.7587,rescue_volunteering_or_donation_effort,0.6667,infrastructure_and_utility_damage,0.7587,severe_damage,1.0,Fire crews fighting deadly California blazes welcome cool fog https://t.co/PCkTWKuuy6 https://t.co/FRp3buTGkH,http://pbs.twimg.com/media/DLy1FQvVAAEt3QD.jpg,data_image/california_wildfires/10_10_2017/917807529479901184_0.jpg
917809119310041089,917809119310041089_0,informative,1.0,informative,0.7501,rescue_volunteering_or_donation_effort,1.0,rescue_volunteering_or_donation_effort,0.7501,,,RT @TPM: Hundreds more firefighters deploy to battle deadly wildfires in California https://t.co/tZAuxT3Mx7 https://t.co/skuo4tHrWo,http://pbs.twimg.com/media/DLy1gJRW4AALpZa.jpg,data_image/california_wildfires/10_10_2017/917809119310041089_0.jpg
917810972479381504,917810972479381504_0,informative,0.6664,informative,0.6964,infrastructure_and_utility_damage,0.6664,infrastructure_and_utility_damage,0.6964,severe_damage,1.0,Deadly wildfires threaten thousands of acres of pot farms in California https://t.co/0L8vo60wL0 https://t.co/gODTxZcE4t,http://pbs.twimg.com/media/DLy4NuMX0AAtUT7.jpg,data_image/california_wildfires/10_10_2017/917810972479381504_0.jpg
917811151320338433,917811151320338433_0,informative,0.3414,informative,1.0,infrastructure_and_utility_damage,0.3414,infrastructure_and_utility_damage,1.0,severe_damage,1.0,RT @VABVOX: #California is on fire &amp; no one except the people losing everything seem to care. https://t.co/rR87UUrhnd,http://pbs.twimg.com/media/DLuXxTnWAAIqbqX.jpg,data_image/california_wildfires/10_10_2017/917811151320338433_0.jpg
917811158282883073,917811158282883073_0,informative,1.0,not_informative,0.3666,other_relevant_information,1.0,not_humanitarian,0.3666,,,"California is on fire, but this is the most important story on CNN right now. https://t.co/wZr0IkazYB",http://pbs.twimg.com/media/DLy4UpfWkAAbSAn.jpg,data_image/california_wildfires/10_10_2017/917811158282883073_0.jpg
917814656626020352,917814656626020352_0,informative,1.0,informative,1.0,other_relevant_information,1.0,infrastructure_and_utility_damage,1.0,severe_damage,1.0,"â€˜Dice was really loadedâ€™ for wildfires exploding in California, experts say. https://t.co/zTMGYsT372 https://t.co/uxZlF3iKPT",http://pbs.twimg.com/media/DLy5BrEXkAA-FHw.jpg,data_image/california_wildfires/10_10_2017/917814656626020352_0.jpg
917815040962695168,917815040962695168_0,informative,1.0,informative,1.0,infrastructure_and_utility_damage,1.0,rescue_volunteering_or_donation_effort,1.0,,,"RT @TheAtlantic: Photos of California's destructive wildfires, via @TheAtlPhoto: https://t.co/mzYsQALqrl https://t.co/bWvczIJa2Z",http://pbs.twimg.com/media/DLy7qUaWsAAQYMt.jpg,data_image/california_wildfires/10_10_2017/917815040962695168_0.jpg
917815040962695168,917815040962695168_1,informative,1.0,informative,0.9303,infrastructure_and_utility_damage,1.0,vehicle_damage,0.9303,,,"RT @TheAtlantic: Photos of California's destructive wildfires, via @TheAtlPhoto: https://t.co/mzYsQALqrl https://t.co/bWvczIJa2Z",http://pbs.twimg.com/media/DLy7qk8WsAI8aOA.jpg,data_image/california_wildfires/10_10_2017/917815040962695168_1.jpg
917815040962695168,917815040962695168_2,informative,1.0,informative,1.0,infrastructure_and_utility_damage,1.0,infrastructure_and_utility_damage,1.0,mild_damage,0.4316,"RT @TheAtlantic: Photos of California's destructive wildfires, via @TheAtlPhoto: https://t.co/mzYsQALqrl https://t.co/bWvczIJa2Z",http://pbs.twimg.com/media/DLy7q0EX0AE9uR9.jpg,data_image/california_wildfires/10_10_2017/917815040962695168_2.jpg
917815168825995264,917815168825995264_0,informative,0.6855,informative,1.0,other_relevant_information,0.6855,vehicle_damage,1.0,,,RT @monizcardozo: California wildfires: Residents find devastation in Santa Rosa https://t.co/3fuGJ5lW3t https://t.co/hNuXFATeh8,http://pbs.twimg.com/media/DLy5u7IVwAAaO3e.jpg,data_image/california_wildfires/10_10_2017/917815168825995264_0.jpg
917816344061542401,917816344061542401_0,informative,1.0,informative,0.6167,other_relevant_information,1.0,other_relevant_information,0.6167,,,Watch California's wine-country #wildfires spread in these incredible new images from space https://t.co/etuVzJYbjE https://t.co/GsTzbmZsFp,http://pbs.twimg.com/media/DLy9GYPWsAI4b48.jpg,data_image/california_wildfires/10_10_2017/917816344061542401_0.jpg
917817013409583106,917817013409583106_0,informative,0.6667,informative,1.0,infrastructure_and_utility_damage,0.6667,infrastructure_and_utility_damage,1.0,severe_damage,1.0,Wildfires sweep through California wine country https://t.co/I0dE7JLM2t https://t.co/7tq5ayDpxx,http://pbs.twimg.com/media/DLy9tVsXcAMIVpG.jpg,data_image/california_wildfires/10_10_2017/917817013409583106_0.jpg
917817114471346177,917817114471346177_0,informative,1.0,informative,1.0,other_relevant_information,1.0,vehicle_damage,1.0,,,The fire ravaging parts of California wine country threatens the regionâ€™s $1 billionâ€¦ https://t.co/Z1EGaUFVRH https://t.co/t9titXkO7W,http://pbs.twimg.com/media/DLy9zQjVYAA3Uzz.jpg,data_image/california_wildfires/10_10_2017/917817114471346177_0.jpg
917818543831261184,917818543831261184_0,informative,0.6654,informative,0.6827,infrastructure_and_utility_damage,0.6654,vehicle_damage,0.6827,,,14 images show devastation left behind by Northern California wildfires https://t.co/4XnetYnnh9 https://t.co/hTWuo8XX4r,http://pbs.twimg.com/media/DLy_GRoVoAAuksi.jpg,data_image/california_wildfires/10_10_2017/917818543831261184_0.jpg
917818978629808129,917818978629808129_0,informative,0.6774,informative,0.8049,other_relevant_information,0.6774,infrastructure_and_utility_damage,0.8049,mild_damage,0.6644,RT @Jerusalem_Post: Jewish camp in Northern California ravaged by forest fire https://t.co/arZwuwL857 https://t.co/2VYPTI0ogP,http://pbs.twimg.com/media/DLy_GGxUQAAAWry.jpg,data_image/california_wildfires/10_10_2017/917818978629808129_0.jpg
917818995377569793,917818995377569793_0,informative,1.0,informative,1.0,infrastructure_and_utility_damage,1.0,infrastructure_and_utility_damage,1.0,severe_damage,1.0,"California wildfires hit wine country, burning hotels and threatening vineyards https://t.co/d7CzatbrPR",http://pbs.twimg.com/media/DLy_gsHXcAMQ8uE.jpg,data_image/california_wildfires/10_10_2017/917818995377569793_0.jpg
917819230732603397,917819230732603397_0,informative,0.352,informative,0.8384,other_relevant_information,0.352,rescue_volunteering_or_donation_effort,0.8384,,,"RT @GaryKTM: Wine Country Fire in Napa Valley, California. https://t.co/11Q98jC5UZ",http://pbs.twimg.com/media/DLxpU1BVAAAlZuP.jpg,data_image/california_wildfires/10_10_2017/917819230732603397_0.jpg
917820061758263296,917820061758263296_0,informative,1.0,informative,1.0,other_relevant_information,1.0,infrastructure_and_utility_damage,1.0,severe_damage,1.0,LA News Biggest California Wildfires of All Time https://t.co/gZzDCxhVXD https://t.co/ZlTrWwlaOq,http://pbs.twimg.com/media/DLzAeqxVAAAak5A.jpg,data_image/california_wildfires/10_10_2017/917820061758263296_0.jpg
917820422011449345,917820422011449345_0,informative,1.0,informative,1.0,injured_or_dead_people,1.0,infrastructure_and_utility_damage,1.0,severe_damage,1.0,13 confirmed dead in #wildfires from Monday. Better conditions 2 fight the fires (way less wind) today #California https://t.co/ZMRzUlzmnq,http://pbs.twimg.com/media/DLzAzuaX0AAGPL6.jpg,data_image/california_wildfires/10_10_2017/917820422011449345_0.jpg
917820560763183106,917820560763183106_0,informative,1.0,informative,0.8336,injured_or_dead_people,1.0,infrastructure_and_utility_damage,0.8336,severe_damage,0.7185,"California Wildfires Destroys Homes, 11 Dead and Many Missing - https://t.co/yITm6y0Yip https://t.co/GSCazL6cel",http://pbs.twimg.com/media/DLzA71iX0AEiEVo.jpg,data_image/california_wildfires/10_10_2017/917820560763183106_0.jpg
917821459321556992,917821459321556992_0,not_informative,1.0,not_informative,1.0,not_humanitarian,1.0,not_humanitarian,1.0,,,"Thinking of all my California loved ones, friends and colleagues. Please be safe. #wildfires https://t.co/UsFddxrZeD",http://pbs.twimg.com/media/DLzBulRUIAAAeXz.jpg,data_image/california_wildfires/10_10_2017/917821459321556992_0.jpg
917822041079861248,917822041079861248_0,informative,1.0,informative,1.0,infrastructure_and_utility_damage,1.0,infrastructure_and_utility_damage,1.0,severe_damage,1.0,This viral before-and-after photo shows the harrowing damage of California wildfires https://t.co/TSAiy3Yry7 https://t.co/PmWWnaKRwR,http://pbs.twimg.com/media/DLy7rUNVoAAUxq8.jpg,data_image/california_wildfires/10_10_2017/917822041079861248_0.jpg
917822562259931137,917822562259931137_0,not_informative,0.7023,not_informative,1.0,not_humanitarian,0.7023,not_humanitarian,1.0,,,RT @Rincon_Music: (Radio Reports On California Wildfires) - https://t.co/JKlnvNczM8 https://t.co/yIRhhwft6z,http://pbs.twimg.com/media/DLzBrA9XkAU4_gf.jpg,data_image/california_wildfires/10_10_2017/917822562259931137_0.jpg
917822563807399936,917822563807399936_0,informative,1.0,informative,1.0,other_relevant_information,1.0,infrastructure_and_utility_damage,1.0,severe_damage,1.0,Tuesday's Morning Email: Take A Look At The Wildfires Devastating California Wine Country https://t.co/usBx4boGjs https://t.co/1aebmF43Lz,http://pbs.twimg.com/media/DLzCwaTVwAAVjEk.jpg,data_image/california_wildfires/10_10_2017/917822563807399936_0.jpg
917822878124568577,917822878124568577_0,informative,0.6832,not_informative,1.0,affected_individuals,0.6832,not_humanitarian,1.0,,,"I just had to evacuate my home in California due to the wildfire. Obviously, I took the essentials. https://t.co/wUBzDS4xFA",http://pbs.twimg.com/media/DLzDCxJWsAU1e-B.jpg,data_image/california_wildfires/10_10_2017/917822878124568577_0.jpg
917825135884738560,917825135884738560_0,informative,1.0,informative,0.643,other_relevant_information,1.0,other_relevant_information,0.643,,,Map of #winecountryfire spread across Northern California. https://t.co/9dHUQk76ix https://t.co/9cmhC3brpC,http://pbs.twimg.com/media/DLzFBfmVAAADUHr.jpg,data_image/california_wildfires/10_10_2017/917825135884738560_0.jpg
917825152636907523,917825152636907523_0,not_informative,0.7023,not_informative,1.0,not_humanitarian,0.7023,not_humanitarian,1.0,,,RT @NBCNews: JUST IN: President Trump approves California disaster declaration for areas affected by wildfires https://t.co/wYVNZ1kEKG,http://pbs.twimg.com/media/DLzDtoBW4AE6bT7.jpg,data_image/california_wildfires/10_10_2017/917825152636907523_0.jpg
917825253694459904,917825253694459904_0,informative,1.0,informative,0.7581,other_relevant_information,1.0,infrastructure_and_utility_damage,0.7581,severe_damage,1.0,Breaking: California Declares State Of Emergency Following Largest WildfireÂ Recorded https://t.co/PwGdn9B90C https://t.co/ismJsZLfAw,http://pbs.twimg.com/media/DLzFM_IU8AA8pwp.jpg,data_image/california_wildfires/10_10_2017/917825253694459904_0.jpg
917825267136995328,917825267136995328_0,not_informative,0.6894,not_informative,1.0,not_humanitarian,0.6894,not_humanitarian,1.0,,,"RT @NBCSports: Olympic champion loses gold medal escaping California fire, report says https://t.co/1SmWTu3Iyl https://t.co/CUQmI3saLe",http://pbs.twimg.com/media/DLzEhJBUQAA8BNA.jpg,data_image/california_wildfires/10_10_2017/917825267136995328_0.jpg
917825712756805635,917825712756805635_0,informative,1.0,informative,1.0,other_relevant_information,1.0,rescue_volunteering_or_donation_effort,1.0,,,"While N. California burns, a separate wildfire has prompted mass evacuations near Disneyland https://t.co/ynP5xAPjcH https://t.co/nKpzHdvQDG",http://pbs.twimg.com/media/DLzFntMXcAAeDYf.jpg,data_image/california_wildfires/10_10_2017/917825712756805635_0.jpg
917826107575062530,917826107575062530_0,informative,0.6657,not_informative,1.0,other_relevant_information,0.6657,not_humanitarian,1.0,,,RT @TVTye: Scary &amp; creepy -- the California wildfires as a backdrop to @Disneyland. (Via: Kennya Boulter) @wkyc https://t.co/2WcbI3LQWM,http://pbs.twimg.com/media/DLzEuUyXUAIagTf.jpg,data_image/california_wildfires/10_10_2017/917826107575062530_0.jpg
917826458256596997,917826458256596997_0,informative,1.0,informative,1.0,affected_individuals,1.0,rescue_volunteering_or_donation_effort,1.0,,,"Breweries, Employees Impacted by California Wine Country Wildfires https://t.co/MXun8XbPQ6 https://t.co/bZwsuPAvL8",http://pbs.twimg.com/media/DLzF70GUMAAtu7x.jpg,data_image/california_wildfires/10_10_2017/917826458256596997_0.jpg
917826687848603648,917826687848603648_0,informative,1.0,not_informative,1.0,other_relevant_information,1.0,not_humanitarian,1.0,,,"San Francisco is currently super hazy, per the Northern California fire. Stay safe everybody https://t.co/7tWrqU2O0S https://t.co/PtFNGsf5EC",http://pbs.twimg.com/media/DLzGgeMXkAIJKsn.jpg,data_image/california_wildfires/10_10_2017/917826687848603648_0.jpg
917826948625088512,917826948625088512_0,informative,0.6765,informative,1.0,other_relevant_information,0.6765,other_relevant_information,1.0,,,RT @thaddog: California is really on fire á½¡5 somthing ainâ€™t right á½¡2 #Pray4California https://t.co/jFMC5wdetG,http://pbs.twimg.com/media/DLywYqOUEAApOLs.jpg,data_image/california_wildfires/10_10_2017/917826948625088512_0.jpg
917827102308671488,917827102308671488_0,not_informative,0.6495,not_informative,0.6372,not_humanitarian,0.6495,not_humanitarian,0.6372,,,California Wildfires: How Climate Change Could Make The Problem Worse https://t.co/B3HEn2Tpv1 https://t.co/SCAZMuumgk,http://pbs.twimg.com/media/DLzG4iOUMAAEjbq.jpg,data_image/california_wildfires/10_10_2017/917827102308671488_0.jpg
917827226372132864,917827226372132864_0,not_informative,0.6535,not_informative,1.0,not_humanitarian,0.6535,not_humanitarian,1.0,,,GoFundMe: How to Immediately Help Those Impacted by the California Wildfires #webdesignâ€¦ https://t.co/zfxatzvQWY https://t.co/Dlp5iL7rww,http://pbs.twimg.com/media/DLzG_12UMAABtC7.jpg,data_image/california_wildfires/10_10_2017/917827226372132864_0.jpg
917827272148606977,917827272148606977_0,informative,1.0,informative,0.3404,other_relevant_information,1.0,rescue_volunteering_or_donation_effort,0.3404,,,"As deadly fires ravage California wine country, officials prepare for further fatalities https://t.co/qyELUB8Msz https://t.co/KY25YBvAZG",http://pbs.twimg.com/media/DLzHCg9V4AE-whB.jpg,data_image/california_wildfires/10_10_2017/917827272148606977_0.jpg
917827701431570432,917827701431570432_0,informative,0.6576,informative,0.6599,other_relevant_information,0.6576,rescue_volunteering_or_donation_effort,0.6599,,,Destruction in Southern California Fire https://t.co/iJmf7CRLz8 https://t.co/XpyaFHa8b3,http://pbs.twimg.com/media/DLzHbgXX0AYDIkt.jpg,data_image/california_wildfires/10_10_2017/917827701431570432_0.jpg
917827928968318976,917827928968318976_0,informative,0.6732,informative,1.0,other_relevant_information,0.6732,rescue_volunteering_or_donation_effort,1.0,,,Southern California Wildfire Burns Exclusive Anaheim Hills Community https://t.co/dl5nUmOg3h https://t.co/g3Yl8N2C9L,http://pbs.twimg.com/media/DLzHoscXcAYSqkJ.jpg,data_image/california_wildfires/10_10_2017/917827928968318976_0.jpg
917828283047260161,917828283047260161_0,informative,0.6661,informative,0.67,other_relevant_information,0.6661,other_relevant_information,0.67,,,Why California's #wildfires are worse in the fall. https://t.co/F6fMb97Djd https://t.co/jXmu1pAXpr,http://pbs.twimg.com/media/DLzH2yhX4AE0PFf.jpg,data_image/california_wildfires/10_10_2017/917828283047260161_0.jpg
917828283047260161,917828283047260161_1,informative,0.6661,informative,0.3496,other_relevant_information,0.6661,other_relevant_information,0.3496,,,Why California's #wildfires are worse in the fall. https://t.co/F6fMb97Djd https://t.co/jXmu1pAXpr,http://pbs.twimg.com/media/DLzH3uTX0AI5SXq.jpg,data_image/california_wildfires/10_10_2017/917828283047260161_1.jpg
917828283047260161,917828283047260161_2,informative,0.6661,informative,1.0,other_relevant_information,0.6661,other_relevant_information,1.0,,,Why California's #wildfires are worse in the fall. https://t.co/F6fMb97Djd https://t.co/jXmu1pAXpr,http://pbs.twimg.com/media/DLzH5ZaXcAEl-9r.jpg,data_image/california_wildfires/10_10_2017/917828283047260161_2.jpg
917828328475680768,917828328475680768_0,informative,0.6533,informative,0.4952,infrastructure_and_utility_damage,0.6533,infrastructure_and_utility_damage,0.4952,mild_damage,0.337,'Public calamity' as California wildfires leave apocalyptic scenes in wine country https://t.co/MnBMbzXTNS https://t.co/K2yjhLF8zA,http://pbs.twimg.com/media/DLy8rsvV4AAv2Yv.jpg,data_image/california_wildfires/10_10_2017/917828328475680768_0.jpg
917828356388900865,917828356388900865_0,informative,1.0,informative,1.0,injured_or_dead_people,1.0,infrastructure_and_utility_damage,1.0,severe_damage,1.0,"11 dead, 100 injured. Wildfires ravage Northern California with shocking speed. https://t.co/jbCX5o7xVd https://t.co/Pj4tbLDihE",http://pbs.twimg.com/media/DLzIBihXcAAm9IP.jpg,data_image/california_wildfires/10_10_2017/917828356388900865_0.jpg
917828415373189120,917828415373189120_0,informative,1.0,informative,0.4744,other_relevant_information,1.0,infrastructure_and_utility_damage,0.4744,dont_know_or_cant_judge,0.6187,Northern California Wildfires Rage in New Photo from Space https://t.co/gJGHsDDk7y https://t.co/FmL6SCAHqY,http://pbs.twimg.com/media/DLzIFBDUIAAu3xZ.jpg,data_image/california_wildfires/10_10_2017/917828415373189120_0.jpg
917828788473552896,917828788473552896_0,informative,0.6736,informative,0.9228,other_relevant_information,0.6736,vehicle_damage,0.9228,,,Wild fireâ€™s in California looks like Fallout Source: https://t.co/Zy2y2tJdjP #fallout #fo4 #bethesda #fallout4 https://t.co/9DI9kxnpHK,http://pbs.twimg.com/media/DLzIaynW0AIboS1.jpg,data_image/california_wildfires/10_10_2017/917828788473552896_0.jpg
917828826083840000,917828826083840000_0,informative,1.0,informative,1.0,infrastructure_and_utility_damage,1.0,infrastructure_and_utility_damage,1.0,severe_damage,1.0,"Wildfires have ravaged areas all across California, destroying over 1500 properties https://t.co/pW39HlvyJ2 https://t.co/xtSP7rvF6Z",http://pbs.twimg.com/media/DLzIc-QV4AApKsp.jpg,data_image/california_wildfires/10_10_2017/917828826083840000_0.jpg
917828952533716994,917828952533716994_0,informative,1.0,informative,0.6667,other_relevant_information,1.0,infrastructure_and_utility_damage,0.6667,severe_damage,1.0,"Terrifying photos show deadly wildfires rampaging across California, fed by wicked winds - â€¦ https://t.co/BFA7TL5zPO https://t.co/fT0flkqMEO",http://pbs.twimg.com/media/DLzIkRmWkAIDku1.jpg,data_image/california_wildfires/10_10_2017/917828952533716994_0.jpg
917829116220473345,917829116220473345_0,informative,0.644,informative,0.6353,other_relevant_information,0.644,infrastructure_and_utility_damage,0.6353,severe_damage,1.0,"RT @mattmarohl: Deadly fires sweep across California, compounding a historic fire season https://t.co/r7Hzt90njB https://t.co/JcmNCarDIy",http://pbs.twimg.com/media/DLya7ufVwAIJp9F.jpg,data_image/california_wildfires/10_10_2017/917829116220473345_0.jpg
917829163259592704,917829163259592704_0,informative,1.0,informative,1.0,injured_or_dead_people,1.0,infrastructure_and_utility_damage,1.0,severe_damage,1.0,"RT @KUTVRon: At least 10 people dead, 20-thousand evacuated in California wildfires. Coverage now on #2NEWSAM https://t.co/5r3E4FEAdm",http://pbs.twimg.com/media/DLxYz3RUQAImxbU.jpg,data_image/california_wildfires/10_10_2017/917829163259592704_0.jpg
917829232423731200,917829232423731200_0,informative,0.6741,informative,1.0,other_relevant_information,0.6741,other_relevant_information,1.0,,,RT @FiveThirtyEight: Cities in Southern California canâ€™t escape the fire at their door. https://t.co/NcqWf6DOSW https://t.co/BTsqsaPhJM,http://pbs.twimg.com/media/DLyempWW4AATsg_.png,data_image/california_wildfires/10_10_2017/917829232423731200_0.png
917829663552045057,917829663552045057_0,informative,1.0,informative,0.8435,injured_or_dead_people,1.0,infrastructure_and_utility_damage,0.8435,severe_damage,0.7301,#California #wildfires: 10 killed in 'unprecedented' wine country blaze. Via @guardianeco https://t.co/kpSUAExyNJ https://t.co/oNhA2IWWTl,http://pbs.twimg.com/media/DLzJNr_UQAAVyRA.jpg,data_image/california_wildfires/10_10_2017/917829663552045057_0.jpg
917829763812618240,917829763812618240_0,not_informative,0.6611,not_informative,1.0,not_humanitarian,0.6611,not_humanitarian,1.0,,,Our hearts are with all those affected by the devastating wildfires in our home state of California. https://t.co/bI69W9T18y,http://pbs.twimg.com/media/DLzJPnWUIAA-X1c.jpg,data_image/california_wildfires/10_10_2017/917829763812618240_0.jpg
917829942133575681,917829942133575681_0,informative,0.6904,informative,1.0,other_relevant_information,0.6904,infrastructure_and_utility_damage,1.0,severe_damage,1.0,"Smoke, wildfires damage California's famed wine country https://t.co/EuYrde8eCe https://t.co/D3bQfq6l7Z",http://pbs.twimg.com/media/DLzJd5pV4AAanYy.jpg,data_image/california_wildfires/10_10_2017/917829942133575681_0.jpg
917830092620836864,917830092620836864_0,not_informative,1.0,not_informative,1.0,not_humanitarian,1.0,not_humanitarian,1.0,,,"Playing with my new friend, Chai. She's a California fire evacuee starting with us for a few days. I â¤ï¸ her! https://t.co/Z5PmkUyUJ5",http://pbs.twimg.com/media/DLzJlnTU8AAywLM.jpg,data_image/california_wildfires/10_10_2017/917830092620836864_0.jpg
917830092620836864,917830092620836864_1,not_informative,1.0,not_informative,1.0,not_humanitarian,1.0,not_humanitarian,1.0,,,"Playing with my new friend, Chai. She's a California fire evacuee starting with us for a few days. I â¤ï¸ her! https://t.co/Z5PmkUyUJ5",http://pbs.twimg.com/media/DLzJlnUUEAAEknI.jpg,data_image/california_wildfires/10_10_2017/917830092620836864_1.jpg
917830092620836864,917830092620836864_2,not_informative,1.0,not_informative,1.0,not_humanitarian,1.0,not_humanitarian,1.0,,,"Playing with my new friend, Chai. She's a California fire evacuee starting with us for a few days. I â¤ï¸ her! https://t.co/Z5PmkUyUJ5",http://pbs.twimg.com/media/DLzJlnPVYAArt-O.jpg,data_image/california_wildfires/10_10_2017/917830092620836864_2.jpg
917830092620836864,917830092620836864_3,not_informative,1.0,not_informative,1.0,not_humanitarian,1.0,not_humanitarian,1.0,,,"Playing with my new friend, Chai. She's a California fire evacuee starting with us for a few days. I â¤ï¸ her! https://t.co/Z5PmkUyUJ5",http://pbs.twimg.com/media/DLzJlnUVoAA0LrB.jpg,data_image/california_wildfires/10_10_2017/917830092620836864_3.jpg
917830113529618433,917830113529618433_0,not_informative,0.8925,not_informative,1.0,not_humanitarian,0.8925,not_humanitarian,1.0,,,HOW MANY FIRE FIGHTERS ARE ILLEGAL ALIENS IN CALIFORNIA? JERRY BROWN? USE YOU DEAR LOVED CITIZENS. https://t.co/9Lsj838Plg,http://pbs.twimg.com/media/DLzJnBjVoAA5Ln8.jpg,data_image/california_wildfires/10_10_2017/917830113529618433_0.jpg
917830152159092736,917830152159092736_0,informative,1.0,informative,1.0,other_relevant_information,1.0,rescue_volunteering_or_donation_effort,1.0,,,"RT @CityLab: ""Diablo winds"" are sparking massive wildfires in California https://t.co/SLJXmCUSNh https://t.co/1AGnRasWg5",http://pbs.twimg.com/media/DLyz2oXXcAALZZA.jpg,data_image/california_wildfires/10_10_2017/917830152159092736_0.jpg
917830920907890688,917830920907890688_0,not_informative,0.6833,informative,0.6614,not_humanitarian,0.6833,rescue_volunteering_or_donation_effort,0.6614,,,RT @FFBehavior: California Working. All of it. https://t.co/O3xgkAz8Fe (AP Photo/Rich Pedroncelli) https://t.co/nv2ocfuWGV,http://pbs.twimg.com/media/DLxToYXW4AAgIqU.jpg,data_image/california_wildfires/10_10_2017/917830920907890688_0.jpg
917831645218136065,917831645218136065_0,informative,0.6466,informative,0.6868,rescue_volunteering_or_donation_effort,0.6466,infrastructure_and_utility_damage,0.6868,severe_damage,1.0,"As Wildfires Spread Through California, Find Out How You Can Help Victims https://t.co/GWRGtSy4dJ https://t.co/OU8tqYhbWm",http://pbs.twimg.com/media/DLzLBAGX0AAh0C8.jpg,data_image/california_wildfires/10_10_2017/917831645218136065_0.jpg
917831909111222272,917831909111222272_0,not_informative,1.0,informative,1.0,not_humanitarian,1.0,infrastructure_and_utility_damage,1.0,severe_damage,1.0,An Inferno Like You've Never Seen: Deadly Wildfires Ravage California https://t.co/mbQngoO5at via @truthout https://t.co/mXeCSp9seE,http://pbs.twimg.com/media/DLzLQaVVoAA4p4N.jpg,data_image/california_wildfires/10_10_2017/917831909111222272_0.jpg
917831945802919938,917831945802919938_0,informative,0.6563,informative,1.0,other_relevant_information,0.6563,infrastructure_and_utility_damage,1.0,severe_damage,0.6677,"An aerial photo of the devastation left behind from the North Bay wildfires north of San Francisco, California. https://t.co/vfxXT13qIH",http://pbs.twimg.com/media/DLzLQo2WkAE8nrC.jpg,data_image/california_wildfires/10_10_2017/917831945802919938_0.jpg
